{"cameraMode":{"drawMode":0,"name":"Shaded","section":"Shading Mode"},"sceneLighting":true,"audioPlay":false,"sceneViewState":{"m_AlwaysRefresh":false,"showFog":true,"showSkybox":true,"showFlares":true,"showImageEffects":true,"showParticleSystems":true,"showVisualEffectGraphs":true,"m_FxEnabled":true},"in2DMode":false,"pivot":{"x":0.11492098122835159,"y":2.4690160751342775,"z":4.1180925369262699},"rotation":{"x":0.11226169764995575,"y":0.004471536725759506,"z":-0.0005051805637776852,"w":0.9936680197715759},"size":7.168148994445801,"orthographic":false}